{"cameraMode":{"drawMode":0,"name":"Shaded","section":"Shading Mode"},"sceneLighting":true,"audioPlay":false,"sceneViewState":{"showFog":true,"showMaterialUpdate":false,"showSkybox":true,"showFlares":true,"showImageEffects":true,"showParticleSystems":true},"in2DMode":false,"pivot":{"x":26.351072311401368,"y":2.146327257156372,"z":21.102529525756837},"rotation":{"x":-0.03227902576327324,"y":-0.30564743280410769,"z":0.010368268005549908,"w":-0.951543390750885},"size":10.0,"orthographic":false}