{"cameraMode":{"drawMode":0,"name":"Shaded","section":"Shading Mode"},"sceneLighting":true,"audioPlay":false,"sceneViewState":{"showFog":true,"showMaterialUpdate":false,"showSkybox":true,"showFlares":true,"showImageEffects":true,"showParticleSystems":true},"in2DMode":false,"pivot":{"x":8.456657409667969,"y":-2.489229202270508,"z":12.005762100219727},"rotation":{"x":0.07733646780252457,"y":0.30452173948287966,"z":-0.024814529344439508,"w":0.9490387439727783},"size":24.040485382080079,"orthographic":false}