{"cameraMode":{"drawMode":0,"name":"Shaded","section":"Shading Mode"},"sceneLighting":true,"audioPlay":false,"sceneViewState":{"showFog":true,"showMaterialUpdate":false,"showSkybox":false,"showFlares":true,"showImageEffects":true,"showParticleSystems":true},"in2DMode":false,"pivot":{"x":0.0,"y":-0.23399996757507325,"z":12.102499961853028},"rotation":{"x":0.20682218670845033,"y":0.4977402985095978,"z":-0.12355241179466248,"w":0.8331964612007141},"size":46.99751663208008,"orthographic":false}