{"cameraMode":{"drawMode":0,"name":"Shaded","section":"Shading Mode"},"sceneLighting":false,"audioPlay":false,"sceneViewState":{"showFog":false,"showMaterialUpdate":false,"showSkybox":false,"showFlares":false,"showImageEffects":false,"showParticleSystems":false},"in2DMode":false,"pivot":{"x":-0.000095367431640625,"y":76.77459716796875,"z":-2.5831871032714845},"rotation":{"x":0.20643717050552369,"y":0.08939363807439804,"z":-0.018927259370684625,"w":0.9742140769958496},"size":359.3691101074219,"orthographic":false}