{"cameraMode":{"drawMode":0,"name":"Shaded","section":"Shading Mode"},"sceneLighting":true,"audioPlay":false,"sceneViewState":{"showFog":false,"showMaterialUpdate":false,"showSkybox":false,"showFlares":false,"showImageEffects":false,"showParticleSystems":false},"in2DMode":false,"pivot":{"x":53.2886848449707,"y":0.20021092891693116,"z":6.436047554016113},"rotation":{"x":-0.21981550753116609,"y":0.20541201531887055,"z":-0.047457411885261539,"w":-0.9525338411331177},"size":7.570827484130859,"orthographic":false}