{"cameraMode":{"drawMode":0,"name":"Shaded","section":"Shading Mode"},"sceneLighting":false,"audioPlay":false,"sceneViewState":{"showFog":false,"showMaterialUpdate":false,"showSkybox":false,"showFlares":false,"showImageEffects":false,"showParticleSystems":false},"in2DMode":false,"pivot":{"x":0.0020591169595718385,"y":0.8689775466918945,"z":1.1920928955078126e-7},"rotation":{"x":0.15410415828227998,"y":0.1402936428785324,"z":-0.022093627601861955,"w":0.9778239727020264},"size":3.541456937789917,"orthographic":false}