{"cameraMode":{"drawMode":0,"name":"Shaded","section":"Shading Mode"},"sceneLighting":true,"audioPlay":false,"sceneViewState":{"showFog":false,"showMaterialUpdate":false,"showSkybox":false,"showFlares":false,"showImageEffects":false,"showParticleSystems":false},"in2DMode":false,"pivot":{"x":-0.09360182285308838,"y":0.8917018175125122,"z":1.2237906455993653},"rotation":{"x":-0.002686853287741542,"y":-0.9973833560943604,"z":-0.04759930074214935,"w":0.05538813769817352},"size":4.454401969909668,"orthographic":false}