{"cameraMode":{"drawMode":0,"name":"Shaded","section":"Shading Mode"},"sceneLighting":true,"audioPlay":false,"sceneViewState":{"showFog":false,"showMaterialUpdate":false,"showSkybox":false,"showFlares":false,"showImageEffects":false,"showParticleSystems":false},"in2DMode":false,"pivot":{"x":18.501184463500978,"y":4.575689315795898,"z":6.669414520263672},"rotation":{"x":0.2641024589538574,"y":0.3551618158817291,"z":-0.10533149540424347,"w":0.8905148506164551},"size":6.490453243255615,"orthographic":false}