{"cameraMode":{"drawMode":0,"name":"Shaded","section":"Shading Mode"},"sceneLighting":true,"audioPlay":false,"sceneViewState":{"showFog":false,"showMaterialUpdate":false,"showSkybox":false,"showFlares":false,"showImageEffects":false,"showParticleSystems":false},"in2DMode":false,"pivot":{"x":45.019287109375,"y":23.65960693359375,"z":55.48418426513672},"rotation":{"x":0.013496188446879387,"y":0.9640392065048218,"z":-0.26090797781944277,"w":0.04979582875967026},"size":40.45116424560547,"orthographic":false}