{"cameraMode":{"drawMode":0,"name":"Shaded","section":"Shading Mode"},"sceneLighting":false,"audioPlay":false,"sceneViewState":{"showFog":false,"showMaterialUpdate":false,"showSkybox":false,"showFlares":false,"showImageEffects":false,"showParticleSystems":false},"in2DMode":false,"pivot":{"x":-2.5487008094787599,"y":6.329726696014404,"z":14.45949649810791},"rotation":{"x":-0.02036185748875141,"y":0.9342673420906067,"z":-0.35199400782585146,"w":-0.05415603518486023},"size":60.81489181518555,"orthographic":false}