{"cameraMode":{"drawMode":0,"name":"Shaded","section":"Shading Mode"},"sceneLighting":false,"audioPlay":false,"sceneViewState":{"showFog":false,"showMaterialUpdate":false,"showSkybox":false,"showFlares":false,"showImageEffects":false,"showParticleSystems":false},"in2DMode":false,"pivot":{"x":0.23606061935424806,"y":5.478326797485352,"z":12.510416030883789},"rotation":{"x":-0.02406233176589012,"y":0.5203530192375183,"z":0.014678137376904488,"w":0.8535061478614807},"size":13.526058197021485,"orthographic":false}