{"cameraMode":{"drawMode":0,"name":"Shaded","section":"Shading Mode"},"sceneLighting":true,"audioPlay":false,"sceneViewState":{"showFog":false,"showMaterialUpdate":false,"showSkybox":false,"showFlares":false,"showImageEffects":false,"showParticleSystems":false},"in2DMode":false,"pivot":{"x":53.09712600708008,"y":14.435344696044922,"z":78.62571716308594},"rotation":{"x":-0.03164515271782875,"y":0.9556082487106323,"z":-0.27098003029823305,"w":-0.11173541843891144},"size":52.01122283935547,"orthographic":false}