{"cameraMode":{"drawMode":0,"name":"Shaded","section":"Shading Mode"},"sceneLighting":true,"audioPlay":false,"sceneViewState":{"showFog":false,"showMaterialUpdate":false,"showSkybox":false,"showFlares":false,"showImageEffects":false,"showParticleSystems":false},"in2DMode":false,"pivot":{"x":0.0,"y":-0.23399996757507325,"z":12.162498474121094},"rotation":{"x":0.0364835150539875,"y":-0.9047273397445679,"z":0.07920463383197785,"w":0.41709965467453005},"size":46.99751663208008,"orthographic":false}