{"cameraMode":{"drawMode":0,"name":"Shaded","section":"Shading Mode"},"sceneLighting":false,"audioPlay":false,"sceneViewState":{"showFog":false,"showMaterialUpdate":true,"showSkybox":false,"showFlares":true,"showImageEffects":true,"showParticleSystems":true},"in2DMode":false,"pivot":{"x":23.33658218383789,"y":106.03944396972656,"z":-118.01657104492188},"rotation":{"x":0.26512375473976138,"y":0.41894441843032839,"z":-0.12931138277053834,"w":0.8589257597923279},"size":1.794631004333496,"orthographic":false}