{"cameraMode":{"drawMode":0,"name":"Shaded","section":"Shading Mode"},"sceneLighting":true,"audioPlay":false,"sceneViewState":{"showFog":false,"showMaterialUpdate":true,"showSkybox":true,"showFlares":true,"showImageEffects":true,"showParticleSystems":true},"in2DMode":false,"pivot":{"x":105.43220520019531,"y":-25.21427345275879,"z":33.30094909667969},"rotation":{"x":-0.2155824899673462,"y":-0.46251988410949709,"z":0.117005355656147,"w":-0.8520380854606628},"size":96.15687561035156,"orthographic":false}