{"cameraMode":{"drawMode":0,"name":"Shaded","section":"Shading Mode"},"sceneLighting":true,"audioPlay":false,"sceneViewState":{"showFog":false,"showMaterialUpdate":true,"showSkybox":true,"showFlares":true,"showImageEffects":true,"showParticleSystems":true},"in2DMode":false,"pivot":{"x":31.730236053466798,"y":6.122730255126953,"z":30.264373779296876},"rotation":{"x":0.009414764121174813,"y":-0.967293381690979,"z":0.25091952085494997,"w":0.03626621887087822},"size":9.533673286437989,"orthographic":false}