{"cameraMode":{"drawMode":0,"name":"Shaded","section":"Shading Mode"},"sceneLighting":true,"audioPlay":false,"sceneViewState":{"showFog":false,"showMaterialUpdate":true,"showSkybox":true,"showFlares":true,"showImageEffects":true,"showParticleSystems":true},"in2DMode":false,"pivot":{"x":51.057228088378909,"y":8.188461303710938,"z":40.0710563659668},"rotation":{"x":-0.6509914994239807,"y":-0.00386458495631814,"z":0.0033184904605150224,"w":-0.7590712904930115},"size":60.79337692260742,"orthographic":false}