{"cameraMode":{"drawMode":0,"name":"Shaded","section":"Shading Mode"},"sceneLighting":true,"audioPlay":false,"sceneViewState":{"showFog":false,"showMaterialUpdate":true,"showSkybox":true,"showFlares":true,"showImageEffects":true,"showParticleSystems":true},"in2DMode":false,"pivot":{"x":56.30143737792969,"y":-2.9812536239624025,"z":86.22615814208985},"rotation":{"x":-0.3205258548259735,"y":0.07417850941419602,"z":-0.02513042651116848,"w":-0.9440378546714783},"size":26.947511672973634,"orthographic":false}