{"cameraMode":{"drawMode":0,"name":"Shaded","section":"Shading Mode"},"sceneLighting":true,"audioPlay":false,"sceneViewState":{"showFog":false,"showMaterialUpdate":true,"showSkybox":true,"showFlares":true,"showImageEffects":true,"showParticleSystems":true},"in2DMode":false,"pivot":{"x":29.617408752441408,"y":5.411699295043945,"z":45.1463508605957},"rotation":{"x":0.33118578791618349,"y":0.5489192008972168,"z":-0.25087183713912966,"w":0.7255464196205139},"size":22.501693725585939,"orthographic":false}