{"cameraMode":{"drawMode":0,"name":"Shaded","section":"Shading Mode"},"sceneLighting":true,"audioPlay":false,"sceneViewState":{"showFog":false,"showMaterialUpdate":true,"showSkybox":true,"showFlares":true,"showImageEffects":true,"showParticleSystems":true},"in2DMode":false,"pivot":{"x":6.729052543640137,"y":1.88765287399292,"z":1.6313791275024415},"rotation":{"x":0.17204909026622773,"y":-0.684898316860199,"z":0.17154212296009065,"w":0.6869478821754456},"size":9.09849739074707,"orthographic":false}