{"cameraMode":{"drawMode":0,"name":"Shaded","section":"Shading Mode"},"sceneLighting":true,"audioPlay":false,"sceneViewState":{"showFog":false,"showMaterialUpdate":true,"showSkybox":true,"showFlares":true,"showImageEffects":true,"showParticleSystems":true},"in2DMode":false,"pivot":{"x":-0.6005733609199524,"y":0.64093416929245,"z":0.9282399415969849},"rotation":{"x":0.1965894252061844,"y":-0.5432398319244385,"z":0.13260376453399659,"w":0.805400013923645},"size":1.1857883930206299,"orthographic":false}