{"cameraMode":{"drawMode":0,"name":"Shaded","section":"Shading Mode"},"sceneLighting":true,"audioPlay":false,"sceneViewState":{"showFog":false,"showMaterialUpdate":true,"showSkybox":true,"showFlares":true,"showImageEffects":true,"showParticleSystems":true},"in2DMode":false,"pivot":{"x":67.96814727783203,"y":11.08336067199707,"z":19.050397872924806},"rotation":{"x":0.05083999037742615,"y":-0.9363126158714294,"z":0.15245790779590608,"w":0.31225141882896426},"size":12.21063232421875,"orthographic":false}