{"cameraMode":{"drawMode":0,"name":"Shaded","section":"Shading Mode"},"sceneLighting":true,"audioPlay":false,"sceneViewState":{"showFog":false,"showMaterialUpdate":true,"showSkybox":true,"showFlares":true,"showImageEffects":true,"showParticleSystems":true},"in2DMode":false,"pivot":{"x":21.84807014465332,"y":11.402864456176758,"z":15.841758728027344},"rotation":{"x":0.14587576687335969,"y":0.1407441794872284,"z":-0.02095499262213707,"w":0.9790287613868713},"size":17.177400588989259,"orthographic":false}