{"cameraMode":{"drawMode":0,"name":"Shaded","section":"Shading Mode"},"sceneLighting":true,"audioPlay":false,"sceneViewState":{"showFog":true,"showMaterialUpdate":false,"showSkybox":false,"showFlares":true,"showImageEffects":true,"showParticleSystems":true},"in2DMode":false,"pivot":{"x":0.0,"y":-0.23399996757507325,"z":12.162498474121094},"rotation":{"x":-0.1392320990562439,"y":0.8543471693992615,"z":-0.29293107986450198,"w":-0.4060775637626648},"size":66.83519744873047,"orthographic":false}