{"cameraMode":{"drawMode":0,"name":"Shaded","section":"Shading Mode"},"sceneLighting":true,"audioPlay":false,"sceneViewState":{"showFog":false,"showMaterialUpdate":false,"showSkybox":true,"showFlares":true,"showImageEffects":true,"showParticleSystems":true},"in2DMode":false,"pivot":{"x":9.375551223754883,"y":-9.394225120544434,"z":21.80679702758789},"rotation":{"x":-0.28403323888778689,"y":0.10615500062704086,"z":-0.031616535037755969,"w":-0.9524698853492737},"size":27.439287185668947,"orthographic":false}
