{"cameraMode":{"drawMode":0,"name":"Shaded","section":"Shading Mode"},"sceneLighting":true,"audioPlay":false,"sceneViewState":{"showFog":false,"showMaterialUpdate":false,"showSkybox":true,"showFlares":true,"showImageEffects":true,"showParticleSystems":true},"in2DMode":false,"pivot":{"x":0.21706080436706544,"y":0.8060689568519592,"z":-0.001931765116751194},"rotation":{"x":0.06810137629508972,"y":0.7028565406799316,"z":-0.06789729744195938,"w":0.7049097418785095},"size":8.493254661560059,"orthographic":false}