{"cameraMode":{"drawMode":0,"name":"Shaded","section":"Shading Mode"},"sceneLighting":true,"audioPlay":false,"sceneViewState":{"showFog":true,"showMaterialUpdate":false,"showSkybox":false,"showFlares":true,"showImageEffects":true,"showParticleSystems":true},"in2DMode":false,"pivot":{"x":-0.6800000667572022,"y":1.7660000324249268,"z":9.312499046325684},"rotation":{"x":-0.007605678867548704,"y":0.9693487286567688,"z":-0.24370858073234559,"w":-0.030252503231167795},"size":46.99751663208008,"orthographic":false}