{"cameraMode":{"drawMode":0,"name":"Shaded","section":"Shading Mode"},"sceneLighting":true,"audioPlay":false,"sceneViewState":{"showFog":false,"showMaterialUpdate":false,"showSkybox":true,"showFlares":true,"showImageEffects":true,"showParticleSystems":true},"in2DMode":false,"pivot":{"x":-0.8493800759315491,"y":0.3126087188720703,"z":-3.8637993335723879},"rotation":{"x":0.021437713876366617,"y":0.9769529104232788,"z":-0.17657293379306794,"w":0.1186508983373642},"size":7.046532154083252,"orthographic":false}