{"cameraMode":{"drawMode":0,"name":"Shaded","section":"Shading Mode"},"sceneLighting":true,"audioPlay":false,"sceneViewState":{"showFog":false,"showMaterialUpdate":false,"showSkybox":true,"showFlares":true,"showImageEffects":true,"showParticleSystems":true},"in2DMode":false,"pivot":{"x":23.304275512695314,"y":-54.08195114135742,"z":4.57609748840332},"rotation":{"x":-0.3596273958683014,"y":0.42674434185028078,"z":-0.18992815911769868,"w":-0.8078531622886658},"size":164.0862579345703,"orthographic":false}