{"cameraMode":{"drawMode":0,"name":"Shaded","section":"Shading Mode"},"sceneLighting":true,"audioPlay":false,"sceneViewState":{"showFog":true,"showMaterialUpdate":false,"showSkybox":true,"showFlares":true,"showImageEffects":true,"showParticleSystems":true},"in2DMode":false,"pivot":{"x":0.7211904525756836,"y":0.6617542505264282,"z":1.7172105312347413},"rotation":{"x":0.08931092917919159,"y":-0.36904266476631167,"z":0.03564784675836563,"w":0.9244480133056641},"size":10.025429725646973,"orthographic":false}