{"cameraMode":{"drawMode":0,"name":"Shaded","section":"Shading Mode"},"sceneLighting":true,"audioPlay":false,"sceneViewState":{"showFog":false,"showMaterialUpdate":true,"showSkybox":true,"showFlares":true,"showImageEffects":true,"showParticleSystems":true},"in2DMode":false,"pivot":{"x":62.07473373413086,"y":1.8406800031661988,"z":52.105857849121097},"rotation":{"x":-0.04695560410618782,"y":-0.43117308616638186,"z":0.02285883016884327,"w":-0.9014235734939575},"size":7.1840972900390629,"orthographic":false}