{"cameraMode":{"drawMode":0,"name":"Shaded","section":"Shading Mode"},"sceneLighting":true,"audioPlay":false,"sceneViewState":{"showFog":false,"showMaterialUpdate":true,"showSkybox":true,"showFlares":true,"showImageEffects":true,"showParticleSystems":true},"in2DMode":false,"pivot":{"x":5.869795322418213,"y":1.6773780584335328,"z":19.8474178314209},"rotation":{"x":-0.025612106546759607,"y":0.5149297714233398,"z":-0.015095541253685952,"w":-0.8574179410934448},"size":1.4768688678741456,"orthographic":false}