{"cameraMode":{"drawMode":0,"name":"Shaded","section":"Shading Mode"},"sceneLighting":true,"audioPlay":false,"sceneViewState":{"showFog":false,"showMaterialUpdate":true,"showSkybox":true,"showFlares":true,"showImageEffects":true,"showParticleSystems":true},"in2DMode":false,"pivot":{"x":30.620532989501954,"y":1.435583472251892,"z":11.643411636352539},"rotation":{"x":0.11196289211511612,"y":-0.02920861914753914,"z":0.004501791670918465,"w":0.99387526512146},"size":8.066411972045899,"orthographic":false}