{"cameraMode":{"drawMode":0,"name":"Shaded","section":"Shading Mode"},"sceneLighting":true,"audioPlay":false,"sceneViewState":{"showFog":false,"showMaterialUpdate":false,"showSkybox":false,"showFlares":false,"showImageEffects":false,"showParticleSystems":false},"in2DMode":false,"pivot":{"x":45.90140151977539,"y":8.845625877380371,"z":25.92669677734375},"rotation":{"x":-0.00012272589083295316,"y":0.15360789000988007,"z":-0.0012389217736199499,"w":-0.9884757995605469},"size":32.29703140258789,"orthographic":false}