{"cameraMode":{"drawMode":0,"name":"Shaded","section":"Shading Mode"},"sceneLighting":true,"audioPlay":false,"sceneViewState":{"showFog":true,"showMaterialUpdate":true,"showSkybox":true,"showFlares":true,"showImageEffects":true,"showParticleSystems":true},"in2DMode":false,"pivot":{"x":14.203472137451172,"y":6.949409008026123,"z":3.435800075531006},"rotation":{"x":-0.008854248560965062,"y":0.8641708493232727,"z":-0.014296605251729489,"w":-0.503213107585907},"size":11.594197273254395,"orthographic":false}