{"cameraMode":{"drawMode":0,"name":"Shaded","section":"Shading Mode"},"sceneLighting":true,"audioPlay":false,"sceneViewState":{"showFog":false,"showMaterialUpdate":true,"showSkybox":true,"showFlares":true,"showImageEffects":true,"showParticleSystems":true},"in2DMode":false,"pivot":{"x":38.97731399536133,"y":6.155557632446289,"z":16.16392707824707},"rotation":{"x":0.22144284844398499,"y":-0.15429607033729554,"z":0.03646305203437805,"w":0.9628127813339233},"size":45.06798553466797,"orthographic":false}